{"format": "layers-model", "generatedBy": "keras v2.15.0", "convertedBy": "TensorFlow.js Converter v4.15.0", "modelTopology": {"keras_version": "2.15.0", "backend": "tensorflow", "model_config": {"class_name": "Sequential", "config": {"name": "sequential_1", "layers": [{"class_name": "InputLayer", "config": {"batch_input_shape": [null, 13], "dtype": "float32", "sparse": false, "ragged": false, "name": "dense_5_input"}}, {"class_name": "Dense", "config": {"name": "dense_5", "trainable": true, "dtype": "float32", "batch_input_shape": [null, 13], "units": 128, "activation": "relu", "use_bias": true, "kernel_initializer": {"module": "keras.initializers", "class_name": "GlorotUniform", "config": {"seed": null}, "registered_name": null}, "bias_initializer": {"module": "keras.initializers", "class_name": "Zeros", "config": {}, "registered_name": null}, "kernel_regularizer": null, "bias_regularizer": null, "activity_regularizer": null, "kernel_constraint": null, "bias_constraint": null}}, {"class_name": "Dropout", "config": {"name": "dropout_2", "trainable": true, "dtype": "float32", "rate": 0.1, "noise_shape": null, "seed": null}}, {"class_name": "Dense", "config": {"name": "dense_6", "trainable": true, "dtype": "float32", "units": 128, "activation": "relu", "use_bias": true, "kernel_initializer": {"module": "keras.initializers", "class_name": "GlorotUniform", "config": {"seed": null}, "registered_name": null}, "bias_initializer": {"module": "keras.initializers", "class_name": "Zeros", "config": {}, "registered_name": null}, "kernel_regularizer": null, "bias_regularizer": null, "activity_regularizer": null, "kernel_constraint": null, "bias_constraint": null}}, {"class_name": "Dropout", "config": {"name": "dropout_3", "trainable": true, "dtype": "float32", "rate": 0.05, "noise_shape": null, "seed": null}}, {"class_name": "Dense", "config": {"name": "dense_7", "trainable": true, "dtype": "float32", "units": 64, "activation": "relu", "use_bias": true, "kernel_initializer": {"module": "keras.initializers", "class_name": "GlorotUniform", "config": {"seed": null}, "registered_name": null}, "bias_initializer": {"module": "keras.initializers", "class_name": "Zeros", "config": {}, "registered_name": null}, "kernel_regularizer": null, "bias_regularizer": null, "activity_regularizer": null, "kernel_constraint": null, "bias_constraint": null}}, {"class_name": "Dense", "config": {"name": "dense_8", "trainable": true, "dtype": "float32", "units": 1, "activation": "sigmoid", "use_bias": true, "kernel_initializer": {"module": "keras.initializers", "class_name": "GlorotUniform", "config": {"seed": null}, "registered_name": null}, "bias_initializer": {"module": "keras.initializers", "class_name": "Zeros", "config": {}, "registered_name": null}, "kernel_regularizer": null, "bias_regularizer": null, "activity_regularizer": null, "kernel_constraint": null, "bias_constraint": null}}]}}, "training_config": {"loss": "binary_crossentropy", "metrics": [[{"class_name": "MeanMetricWrapper", "config": {"name": "accuracy", "dtype": "float32", "fn": "binary_accuracy"}}]], "weighted_metrics": null, "loss_weights": null, "optimizer_config": {"class_name": "Custom>Adam", "config": {"name": "Adam", "weight_decay": null, "clipnorm": null, "global_clipnorm": null, "clipvalue": null, "use_ema": false, "ema_momentum": 0.99, "ema_overwrite_frequency": null, "jit_compile": false, "is_legacy_optimizer": false, "learning_rate": 9.999999747378752e-05, "beta_1": 0.9, "beta_2": 0.999, "epsilon": 1e-07, "amsgrad": false}}}}, "weightsManifest": [{"paths": ["group1-shard1of1.bin"], "weights": [{"name": "dense_5/kernel", "shape": [13, 128], "dtype": "float32"}, {"name": "dense_5/bias", "shape": [128], "dtype": "float32"}, {"name": "dense_6/kernel", "shape": [128, 128], "dtype": "float32"}, {"name": "dense_6/bias", "shape": [128], "dtype": "float32"}, {"name": "dense_7/kernel", "shape": [128, 64], "dtype": "float32"}, {"name": "dense_7/bias", "shape": [64], "dtype": "float32"}, {"name": "dense_8/kernel", "shape": [64, 1], "dtype": "float32"}, {"name": "dense_8/bias", "shape": [1], "dtype": "float32"}]}]}